accuracy,precision,recall,f1,roc_auc,avg_precision,true_positives,false_positives,true_negatives,false_negatives,specificity,npv,fpr,fnr,balanced_accuracy,model,train_time,cv_f1_mean,cv_f1_std
0.5588235294117647,0.18840579710144928,0.5306122448979592,0.27807486631016043,0.5894941634241245,0.20118959760721716,26,112,145,23,0.5642023346303502,0.8630952380952381,0.4357976653696498,0.46938775510204084,0.2653061224489796,Logistic Regression (L2),0.10145998001098633,0.2509718512919556,0.034477259536822076
0.6078431372549019,0.19130434782608696,0.4489795918367347,0.2682926829268293,0.5510204081632653,0.18172040906124018,22,93,164,27,0.6381322957198443,0.8586387434554974,0.36186770428015563,0.5510204081632653,0.22448979591836735,Decision Tree,0.02123856544494629,0.2917078451524494,0.014085820726346052
0.5882352941176471,0.18181818181818182,0.4489795918367347,0.25882352941176473,0.5412927817041213,0.2009193672204174,22,99,158,27,0.6147859922178989,0.8540540540540541,0.3852140077821012,0.5510204081632653,0.22448979591836735,Logistic Regression (L1),26.598056316375732,0.28983593609811836,0.02446704550911273
0.738562091503268,0.20754716981132076,0.22448979591836735,0.21568627450980393,0.558762804732788,0.21489006216886375,11,42,215,38,0.8365758754863813,0.849802371541502,0.16342412451361868,0.7755102040816326,0.11224489795918367,Extra Trees (balanced),0.26446008682250977,0.2613471971066908,0.07618639282020563
0.7941176470588235,0.23076923076923078,0.12244897959183673,0.16,0.5625347415230683,0.21235807964725367,6,20,237,43,0.9221789883268483,0.8464285714285714,0.07782101167315175,0.8775510204081632,0.061224489795918366,Random Forest (balanced),0.5903606414794922,0.1934024165062072,0.054059404637130555
0.7875816993464052,0.21428571428571427,0.12244897959183673,0.15584415584415584,0.5669816564758199,0.20852754803963036,6,22,235,43,0.914396887159533,0.8453237410071942,0.08560311284046693,0.8775510204081632,0.061224489795918366,Random Forest (weighted),0.4533388614654541,0.20040313823009628,0.05047801046015442
0.7777777777777778,0.12,0.061224489795918366,0.08108108108108109,0.5236242356864924,0.17098788975847995,3,22,235,46,0.914396887159533,0.8362989323843416,0.08560311284046693,0.9387755102040817,0.030612244897959183,Gradient Boosting,1.6815156936645508,0.1505378573791932,0.0383014421353684
